{"cameraMode":{"drawMode":0,"name":"Shaded","section":"Shading Mode"},"sceneLighting":true,"audioPlay":false,"sceneViewState":{"showFog":true,"showMaterialUpdate":true,"showSkybox":true,"showFlares":true,"showImageEffects":true,"showParticleSystems":true},"in2DMode":false,"pivot":{"x":1.165819525718689,"y":-1.933260440826416,"z":46.41862106323242},"rotation":{"x":-0.11553522944450379,"y":-0.6604790687561035,"z":0.10388176143169403,"w":-0.7346094250679016},"size":0.7907773852348328,"orthographic":false}