{"cameraMode":{"drawMode":0,"name":"Shaded","section":"Shading Mode"},"sceneLighting":true,"audioPlay":false,"sceneViewState":{"showFog":false,"showMaterialUpdate":false,"showSkybox":false,"showFlares":false,"showImageEffects":false,"showParticleSystems":false},"in2DMode":false,"pivot":{"x":-41.07233428955078,"y":21.12384033203125,"z":-57.45182418823242},"rotation":{"x":-0.03497373312711716,"y":0.9643780589103699,"z":-0.20252738893032075,"w":-0.16653504967689515},"size":1.9265215396881104,"orthographic":true}